<results><Student_list><Rollno name="rollno">'100002'</Rollno><mark name="total_marks">'887'</mark></Student_list>
<Student_list><Rollno name="rollno">'100011'</Rollno><mark name="total_marks">'209'</mark></Student_list>
<Student_list><Rollno name="rollno">'100020'</Rollno><mark name="total_marks">'945'</mark></Student_list>
<Student_list><Rollno name="rollno">'100029'</Rollno><mark name="total_marks">'125'</mark></Student_list><Student_list><Rollno name="rollno">'100038'</Rollno><mark name="total_marks">'139'</mark></Student_list><Student_list><Rollno name="rollno">'100047'</Rollno><mark name="total_marks">'706'</mark></Student_list><Student_list><Rollno name="rollno">'100056'</Rollno><mark name="total_marks">'216'</mark></Student_list><Student_list><Rollno name="rollno">'100065'</Rollno><mark name="total_marks">'627'</mark></Student_list><Student_list><Rollno name="rollno">'100074'</Rollno><mark name="total_marks">'855'</mark></Student_list><Student_list><Rollno name="rollno">'100083'</Rollno><mark name="total_marks">'273'</mark></Student_list><Student_list><Rollno name="rollno">'100092'</Rollno><mark name="total_marks">'344'</mark></Student_list><Student_list><Rollno name="rollno">'100101'</Rollno><mark name="total_marks">'762'</mark></Student_list><Student_list><Rollno name="rollno">'100110'</Rollno><mark name="total_marks">'462'</mark></Student_list><Student_list><Rollno name="rollno">'101263'</Rollno><mark name="total_marks">'290'</mark></Student_list><Student_list><Rollno name="rollno">'101272'</Rollno><mark name="total_marks">'304'</mark></Student_list><Student_list><Rollno name="rollno">'101281'</Rollno><mark name="total_marks">'509'</mark></Student_list><Student_list><Rollno name="rollno">'101290'</Rollno><mark name="total_marks">'972'</mark></Student_list><Student_list><Rollno name="rollno">'101299'</Rollno><mark name="total_marks">'160'</mark></Student_list><Student_list><Rollno name="rollno">'101308'</Rollno><mark name="total_marks">'653'</mark></Student_list><Student_list><Rollno name="rollno">'101317'</Rollno><mark name="total_marks">'433'</mark></Student_list><Student_list><Rollno name="rollno">'164600'</Rollno><mark name="total_marks">'621'</mark></Student_list><Student_list><Rollno name="rollno">'164609'</Rollno><mark name="total_marks">'488'</mark></Student_list><Student_list><Rollno name="rollno">'164618'</Rollno><mark name="total_marks">'619'</mark></Student_list><Student_list><Rollno name="rollno">'164627'</Rollno><mark name="total_marks">'154'</mark></Student_list><Student_list><Rollno name="rollno">'164636'</Rollno><mark name="total_marks">'414'</mark></Student_list><Student_list><Rollno name="rollno">'164645'</Rollno><mark name="total_marks">'946'</mark></Student_list><Student_list><Rollno name="rollno">'164654'</Rollno><mark name="total_marks">'168'</mark></Student_list><Student_list><Rollno name="rollno">'164663'</Rollno><mark name="total_marks">'797'</mark></Student_list><Student_list><Rollno name="rollno">'164672'</Rollno><mark name="total_marks">'239'</mark></Student_list><Student_list><Rollno name="rollno">'164681'</Rollno><mark name="total_marks">'618'</mark></Student_list><Student_list><Rollno name="rollno">'164690'</Rollno><mark name="total_marks">'879'</mark></Student_list><Student_list><Rollno name="rollno">'164699'</Rollno><mark name="total_marks">'409'</mark></Student_list><Student_list><Rollno name="rollno">'164708'</Rollno><mark name="total_marks">'132'</mark></Student_list><Student_list><Rollno name="rollno">'164717'</Rollno><mark name="total_marks">'628'</mark></Student_list><Student_list><Rollno name="rollno">'164726'</Rollno><mark name="total_marks">'153'</mark></Student_list><Student_list><Rollno name="rollno">'164735'</Rollno><mark name="total_marks">'974'</mark></Student_list><Student_list><Rollno name="rollno">'164744'</Rollno><mark name="total_marks">'120'</mark></Student_list><Student_list><Rollno name="rollno">'164753'</Rollno><mark name="total_marks">'205'</mark></Student_list><Student_list><Rollno name="rollno">'164762'</Rollno><mark name="total_marks">'779'</mark></Student_list><Student_list><Rollno name="rollno">'164771'</Rollno><mark name="total_marks">'760'</mark></Student_list><Student_list><Rollno name="rollno">'164780'</Rollno><mark name="total_marks">'227'</mark></Student_list><Student_list><Rollno name="rollno">'164789'</Rollno><mark name="total_marks">'272'</mark></Student_list><Student_list><Rollno name="rollno">'164798'</Rollno><mark name="total_marks">'297'</mark></Student_list><Student_list><Rollno name="rollno">'164807'</Rollno><mark name="total_marks">'114'</mark></Student_list><Student_list><Rollno name="rollno">'164816'</Rollno><mark name="total_marks">'252'</mark></Student_list><Student_list><Rollno name="rollno">'164825'</Rollno><mark name="total_marks">'937'</mark></Student_list><Student_list><Rollno name="rollno">'164834'</Rollno><mark name="total_marks">'304'</mark></Student_list><Student_list><Rollno name="rollno">'164843'</Rollno><mark name="total_marks">'270'</mark></Student_list><Student_list><Rollno name="rollno">'164852'</Rollno><mark name="total_marks">'436'</mark></Student_list></results>