<?xml version="1.0" encoding="utf-8"?>
<title name="stud_score">
	<item>
		<rollnum name="rollno">10973</rollnum>
		<marks name="mark">109</marks>
	</item>
	<item>
		<rollnum name="rollno">10974</rollnum>
		<marks name="mark">109</marks>
	</item>
	<item>
		<rollnum name="rollno">10975</rollnum>
		<marks name="mark">109</marks>
	</item>
	<item>
		<rollnum name="rollno">10976</rollnum>
		<marks name="mark">109</marks>
	</item>
	<item>
		<rollnum name="rollno">10977</rollnum>
		<marks name="mark">109</marks>
	</item>
</title>