<?xml version="1.0" encoding="UTF-8"?>
<project-private xmlns="http://www.netbeans.org/ns/project-private/1">
    <editor-bookmarks xmlns="http://www.netbeans.org/ns/editor-bookmarks/2" lastBookmarkId="0"/>
    <open-files xmlns="http://www.netbeans.org/ns/projectui-open-files/2">
        <group>
            <file>file:/C:/xampp/htdocs/aaa/bbb.php</file>
            <file>file:/C:/xampp/htdocs/aaa/buyerhome.php</file>
            <file>file:/C:/xampp/htdocs/aaa/cusregister.php</file>
            <file>file:/C:/xampp/htdocs/aaa/change_pass_seller.php</file>
            <file>file:/C:/xampp/htdocs/aaa/moredetails.php</file>
            <file>file:/C:/xampp/htdocs/aaa/db.php</file>
            <file>file:/C:/xampp/htdocs/aaa/index.php</file>
            <file>file:/C:/xampp/htdocs/aaa/products_nearby.php</file>
            <file>file:/C:/xampp/htdocs/aaa/login.php</file>
            <file>file:/C:/xampp/htdocs/aaa/sellerhome.php</file>
            <file>file:/C:/xampp/htdocs/aaa/register.php</file>
            <file>file:/C:/xampp/htdocs/aaa/change_password.php</file>
            <file>file:/C:/xampp/htdocs/aaa/forgot.php</file>
        </group>
    </open-files>
</project-private>
