<?xml version="1.0" encoding="UTF-8"?>
<project-private xmlns="http://www.netbeans.org/ns/project-private/1">
    <editor-bookmarks xmlns="http://www.netbeans.org/ns/editor-bookmarks/2" lastBookmarkId="0"/>
    <open-files xmlns="http://www.netbeans.org/ns/projectui-open-files/2">
        <group>
            <file>file:/C:/xampp/htdocs/result1/login.php</file>
            <file>file:/C:/xampp/htdocs/result1/rank.php</file>
            <file>file:/C:/xampp/htdocs/result1/stud_result_options.php</file>
            <file>file:/C:/xampp/htdocs/result1/feedback.php</file>
            <file>file:/C:/xampp/htdocs/result1/registration.php</file>
            <file>file:/C:/xampp/htdocs/result1/approve_schools.php</file>
            <file>file:/C:/xampp/htdocs/result1/signout.php</file>
            <file>file:/C:/xampp/htdocs/result1/add_subdist.php</file>
            <file>file:/C:/xampp/htdocs/result1/stud_result_select_yr.php</file>
            <file>file:/C:/xampp/htdocs/result1/sec_code.php</file>
            <file>file:/C:/xampp/htdocs/result1/school_uploaded.php</file>
            <file>file:/C:/xampp/htdocs/result1/check.php</file>
            <file>file:/C:/xampp/htdocs/result1/verify_students.php</file>
            <file>file:/C:/xampp/htdocs/result1/schoolhome.php</file>
        </group>
    </open-files>
</project-private>
